;;Delta_time;MAX;AVG;MIN;;;;
2015;1;1;-2.78;-4.83;-12.22;;;;
2015;1;2;2.22;-1.11;-2.78;;;;
2015;1;3;6.11;3.5;1.11;;;;
2015;1;4;5;1.94;0;;;;
2015;1;5;2.78;1.11;-1.11;;;;
2015;1;6;2.78;-1.56;-7.22;;;;
2015;1;7;-6.11;-8.22;-12.78;;;;
2015;1;8;-2.78;-4.5;-6.11;;;;
2015;1;9;8.89;1.17;-2.78;;;;
2015;1;10;16.11;8.06;3.89;;;;
2015;1;11;16.11;7.11;2.78;;;;
2015;1;12;7.78;4.5;1.11;;;;
2015;1;13;8.89;1.33;-5;;;;
2015;1;14;2.78;-0.39;-3.89;;;;
2015;1;15;8.89;3.67;-1.11;;;;
2015;1;16;6.11;3.22;0;;;;
2015;1;17;6.11;3.11;-1.11;;;;
2015;1;18;6.11;4.61;2.78;;;;
2015;1;19;6.11;4.22;2.22;;;;
2015;1;20;7.22;4.67;2.22;;;;
2015;1;21;6.11;5.44;3.89;;;;
2015;1;22;7.78;6.56;6.11;;;;
2015;1;23;8.89;6.89;5;;;;
2015;1;24;6.11;3.83;2.22;;;;
2015;1;25;2.22;0.5;0;;;;
2015;1;26;2.78;0.28;-3.89;;;;
2015;1;27;1.11;-2.67;-7.22;;;;
2015;1;28;5;-0.72;-5;;;;
2015;1;29;0;-1.72;-5;;;;
2015;1;30;6.11;2.11;0;;;;
2015;1;31;5;1;-3.89;;;;
2015;2;1;3.89;-0.5;-5;;;;
2015;2;2;3.89;0.72;-2.22;;;;
2015;2;3;5;-0.39;-6.11;;;;
2015;2;4;1.11;0.5;0;;;;
2015;2;5;3.89;0.72;-2.78;;;;
2015;2;6;3.89;1.17;-1.11;;;;
2015;2;7;3.89;-0.67;-3.89;;;;
2015;2;8;3.89;0.22;-3.89;;;;
2015;2;9;1.11;-1.28;-3.89;;;;
2015;2;10;5;2.83;0;;;;
2015;2;11;10;3.94;-2.22;;;;
2015;2;12;7.22;3;-2.78;;;;
2015;2;13;7.22;0;-6.11;;;;
2015;2;14;8.89;1.39;-5;;;;
2015;2;15;8.89;2.61;-2.78;;;;
2015;2;16;7.78;1.17;-6.11;;;;
2015;2;17;2.78;-0.83;-7.22;;;;
2015;2;18;6.11;-1.56;-8.89;;;;
2015;2;19;5;-2.06;-8.89;;;;
2015;2;20;8.89;-0.39;-7.78;;;;
2015;2;21;11.11;4.22;-2.78;;;;
2015;2;22;10;5.61;-1.11;;;;
2015;2;23;7.78;7.06;6.11;;;;
2015;2;24;10;8;6.11;;;;
2015;2;25;12.22;8.44;6.11;;;;
2015;2;26;7.22;5.94;5;;;;
2015;2;27;7.22;5.67;3.89;;;;
2015;2;28;8.89;6.44;3.89;;;;
2015;3;1;8.89;5.61;2.22;;;;
2015;3;2;12.22;6.56;1.11;;;;
2015;3;3;8.89;4.72;-2.78;;;;
2015;3;4;11.11;3.06;-2.78;;;;
2015;3;5;8.89;3.83;-1.11;;;;
2015;3;6;8.89;3.61;-1.11;;;;
2015;3;7;8.89;2.28;-5;;;;
2015;3;8;11.11;2.28;-6.11;;;;
2015;3;9;12.78;2.94;-5;;;;
2015;3;10;16.11;5.61;-3.89;;;;
2015;3;11;13.89;7;-1.11;;;;
2015;3;12;7.78;5.78;5;;;;
2015;3;13;8.89;6.22;3.89;;;;
2015;3;14;7.22;5.56;3.89;;;;
2015;3;15;11.11;7.67;3.89;;;;
2015;3;16;15;9.56;6.11;;;;
2015;3;17;15;7.72;0;;;;
2015;3;18;11.11;6.56;2.22;;;;
2015;3;19;12.22;6.44;-1.11;;;;
2015;3;20;11.11;4.28;-2.78;;;;
2015;3;21;15;6;-3.89;;;;
2015;3;22;15;7.17;0;;;;
2015;3;23;12.78;4.72;-2.78;;;;
2015;3;24;15;7.78;-1.11;;;;
2015;3;25;16.11;11;6.11;;;;
2015;3;26;17.78;12.72;7.22;;;;
2015;3;27;13.89;10.78;6.11;;;;
2015;3;28;12.78;9.5;7.78;;;;
2015;3;29;13.89;8.11;1.11;;;;
2015;3;30;12.22;8.89;5;;;;
2015;3;31;12.78;7.67;2.22;;;;
2015;4;1;11.11;7;2.78;;;;
2015;4;2;10;5.5;2.22;;;;
2015;4;3;8.89;4;-2.78;;;;
2015;4;4;10;3.56;-6.11;;;;
2015;4;5;10;5.22;0;;;;
2015;4;6;7.78;4.44;-2.22;;;;
2015;4;7;12.22;6.89;2.22;;;;
2015;4;8;13.89;7.56;0;;;;
2015;4;9;17.22;8.89;0;;;;
2015;4;10;18.89;9.67;-2.22;;;;
2015;4;11;21.11;12.78;2.78;;;;
2015;4;12;22.22;15.06;7.78;;;;
2015;4;13;22.22;13.94;3.89;;;;
2015;4;14;15;10.78;3.89;;;;
2015;4;15;23.89;14.56;3.89;;;;
2015;4;16;27.22;16.78;2.78;;;;
2015;4;17;23.89;15.44;7.78;;;;
2015;4;18;12.22;10.11;3.89;;;;
2015;4;19;12.78;6.28;-1.11;;;;
2015;4;20;17.22;9.22;-2.22;;;;
2015;4;21;17.78;11.72;5;;;;
2015;4;22;18.89;11.61;2.78;;;;
2015;4;23;21.11;12.72;1.11;;;;
2015;4;24;22.78;14.61;5;;;;
2015;4;25;22.78;14.33;5;;;;
2015;4;26;22.22;14.89;7.78;;;;
2015;4;27;25;16.61;7.22;;;;
2015;4;28;20;14.44;7.78;;;;
2015;4;29;16.11;10.67;6.11;;;;
2015;4;30;17.78;11.67;2.22;;;;
2015;5;1;18.89;13.56;5;;;;
2015;5;2;17.78;13.56;8.89;;;;
2015;5;3;16.11;11.28;2.78;;;;
2015;5;4;23.89;17.56;12.22;;;;
2015;5;5;27.22;20.28;13.89;;;;
2015;5;6;27.78;20.22;12.78;;;;
2015;5;7;23.89;18.06;12.22;;;;
2015;5;8;22.78;16.33;10;;;;
2015;5;9;23.89;17.22;7.78;;;;
2015;5;10;22.78;17.17;11.11;;;;
2015;5;11;21.11;14.39;7.22;;;;
2015;5;12;22.78;15.22;3.89;;;;
2015;5;13;26.11;18.5;11.11;;;;
2015;5;14;22.78;17.06;12.22;;;;
2015;5;15;17.22;12.78;8.89;;;;
2015;5;16;22.78;16.17;10;;;;
2015;5;17;22.22;15.56;7.78;;;;
2015;5;18;22.78;15.94;5;;;;
2015;5;19;30;20.61;10;;;;
2015;5;20;28.89;21.83;15;;;;
2015;5;21;15;13.33;12.22;;;;
2015;5;22;17.22;14.33;12.78;;;;
2015;5;23;20;15.17;12.78;;;;
2015;5;24;23.89;18.17;12.22;;;;
2015;5;25;20;15.72;12.78;;;;
2015;5;26;21.11;16.06;12.78;;;;
2015;5;27;16.11;13.94;11.11;;;;
2015;5;28;17.22;12.67;7.22;;;;
2015;5;29;22.22;14.33;3.89;;;;
2015;5;30;23.89;18.22;10;;;;
2015;5;31;22.78;17.83;12.78;;;;
2015;6;1;26.11;19.17;11.11;;;;
2015;6;2;28.89;21.83;12.78;;;;
2015;6;3;30;22.89;13.89;;;;
2015;6;4;31.11;23.72;16.11;;;;
2015;6;5;27.22;21.22;16.11;;;;
2015;6;6;28.89;21.11;10;;;;
2015;6;7;30;22.67;12.78;;;;
2015;6;8;31.11;23.72;15;;;;
2015;6;9;30;21.94;17.22;;;;
2015;6;10;28.89;22.72;17.22;;;;
2015;6;11;28.89;23.44;18.89;;;;
2015;6;12;31.11;24.61;18.89;;;;
2015;6;13;31.11;24.83;17.22;;;;
2015;6;14;32.22;25.06;16.11;;;;
2015;6;15;27.78;22.28;17.22;;;;
2015;6;16;23.89;19.89;16.11;;;;
2015;6;17;18.89;16.11;12.78;;;;
2015;6;18;23.89;18.5;12.22;;;;
2015;6;19;22.78;17.39;8.89;;;;
2015;6;20;22.78;17.28;12.78;;;;
2015;6;21;22.78;16.33;10;;;;
2015;6;22;25;17.72;7.22;;;;
2015;6;23;18.89;15.72;12.78;;;;
2015;6;24;18.89;15.33;11.11;;;;
2015;6;25;22.78;15.89;8.89;;;;
2015;6;26;26.11;19.28;12.78;;;;
2015;6;27;26.11;19.67;10;;;;
2015;6;28;23.89;19.72;16.11;;;;
2015;6;29;26.11;20.89;16.11;;;;
2015;6;30;27.22;20.83;12.78;;;;
2015;7;1;28.89;22.67;13.89;;;;
2015;7;2;28.89;23.5;15;;;;
2015;7;3;30;24.28;17.78;;;;
2015;7;4;32.22;24.17;13.89;;;;
2015;7;5;35;26.44;15;;;;
2015;7;6;35;26.78;16.11;;;;
2015;7;7;36.11;28.78;18.89;;;;
2015;7;8;37.22;26.33;18.89;;;;
2015;7;9;26.11;21.06;17.78;;;;
2015;7;10;22.78;18.28;11.11;;;;
2015;7;11;27.22;18.83;8.89;;;;
2015;7;12;31.11;22.72;12.22;;;;
2015;7;13;25;21.67;17.78;;;;
2015;7;14;26.11;22.5;18.89;;;;
2015;7;15;30;24.5;17.78;;;;
2015;7;16;32.22;24.61;16.11;;;;
2015;7;17;32.78;27.22;20;;;;
2015;7;18;36.11;26.06;18.89;;;;
2015;7;19;33.89;26.89;18.89;;;;
2015;7;20;32.22;27;22.22;;;;
2015;7;21;33.89;26.39;17.78;;;;
2015;7;22;35;28.78;21.11;;;;
2015;7;23;36.11;27.5;20;;;;
2015;7;24;32.78;26.94;20;;;;
2015;7;25;33.89;27.11;21.11;;;;
2015;7;26;26.11;21.94;16.11;;;;
2015;7;27;23.89;17.22;10;;;;
2015;7;28;25;19;12.22;;;;
2015;7;29;21.11;19;17.22;;;;
2015;7;30;22.22;18.39;15;;;;
2015;7;31;26.11;19.89;15;;;;
2015;8;1;27.22;20.39;11.11;;;;
2015;8;2;27.78;21.5;13.89;;;;
2015;8;3;27.78;23.83;20;;;;
2015;8;4;32.22;25.17;17.22;;;;
2015;8;5;33.89;25.17;20;;;;
2015;8;6;36.11;26.94;17.78;;;;
2015;8;7;33.89;27.33;21.11;;;;
2015;8;8;35;27.61;20;;;;
2015;8;9;36.11;27.5;20;;;;
2015;8;10;35;27.56;18.89;;;;
2015;8;11;35;26.94;17.78;;;;
2015;8;12;38.89;29.06;17.78;;;;
2015;8;13;37.78;28.56;20;;;;
2015;8;14;35;29.22;22.78;;;;
2015;8;15;36.11;29.22;22.22;;;;
2015;8;16;31.11;25.72;20;;;;
2015;8;17;26.11;22.39;18.89;;;;
2015;8;18;21.11;19;17.22;;;;
2015;8;19;20;18.22;17.22;;;;
2015;8;20;18.89;17.61;16.11;;;;
2015;8;21;23.89;19.28;16.11;;;;
2015;8;22;20;17.5;16.11;;;;
2015;8;23;22.78;18.61;15;;;;
2015;8;24;27.22;19.89;12.22;;;;
2015;8;25;26.11;21.28;17.78;;;;
2015;8;26;27.78;21.72;17.22;;;;
2015;8;27;27.78;21.56;12.78;;;;
2015;8;28;32.78;24;17.22;;;;
2015;8;29;33.89;25.33;15;;;;
2015;8;30;33.89;25.94;17.78;;;;
2015;8;31;35;26.11;17.78;;;;
2015;9;1;33.89;25.17;17.22;;;;
2015;9;2;30;22.83;13.89;;;;
2015;9;3;28.89;22.17;15;;;;
2015;9;4;26.11;20.56;16.11;;;;
2015;9;5;20;17.22;15;;;;
2015;9;6;20;16.39;12.22;;;;
2015;9;7;20;15.11;11.11;;;;
2015;9;8;18.89;13.39;7.22;;;;
2015;9;9;21.11;12.78;2.78;;;;
2015;9;10;17.22;13.83;10;;;;
2015;9;11;16.11;14.89;13.89;;;;
2015;9;12;21.11;16.39;12.22;;;;
2015;9;13;23.89;16.94;11.11;;;;
2015;9;14;27.22;19.94;12.78;;;;
2015;9;15;30;23.72;17.78;;;;
2015;9;16;30;23.11;17.22;;;;
2015;9;17;33.89;25.78;20;;;;
2015;9;18;31.11;23.72;16.11;;;;
2015;9;19;28.89;22.5;17.78;;;;
2015;9;20;23.89;19.11;15;;;;
2015;9;21;21.11;15.44;10;;;;
2015;9;22;21.11;14.56;6.11;;;;
2015;9;23;26.11;19.11;13.89;;;;
2015;9;24;27.22;20.06;13.89;;;;
2015;9;25;18.89;17.78;17.22;;;;
2015;9;26;17.78;15.28;13.89;;;;
2015;9;27;17.22;14.61;3.89;;;;
2015;9;28;17.78;14.33;12.22;;;;
2015;9;29;17.78;13.94;11.11;;;;
2015;9;30;16.11;12.44;10;;;;
2015;10;1;17.78;11.78;6.11;;;;
2015;10;2;20;11.56;2.78;;;;
2015;10;3;20;13.06;5;;;;
2015;10;4;22.78;16.33;8.89;;;;
2015;10;5;20;15.72;12.22;;;;
2015;10;6;18.89;13.94;8.89;;;;
2015;10;7;20;14.94;11.11;;;;
2015;10;8;13.89;12.39;10;;;;
2015;10;9;15;12.83;11.11;;;;
2015;10;10;12.78;11.72;10;;;;
2015;10;11;12.22;10.5;6.11;;;;
2015;10;12;7.78;6.94;6.11;;;;
2015;10;13;10;6.39;1.11;;;;
2015;10;14;11.11;9.89;7.78;;;;
2015;10;15;15;12.17;10;;;;
2015;10;16;15;12.78;12.22;;;;
2015;10;17;15;11.72;7.22;;;;
2015;10;18;15;9.94;5;;;;
2015;10;19;12.22;11.22;10;;;;
2015;10;20;11.11;8.44;5;;;;
2015;10;21;12.78;7.33;2.78;;;;
2015;10;22;12.22;4.67;0;;;;
2015;10;23;13.89;6.61;0;;;;
2015;10;24;12.22;5.56;1.11;;;;
2015;10;25;12.78;6.22;0;;;;
2015;10;26;15;8.61;2.22;;;;
2015;10;27;13.89;8.56;3.89;;;;
2015;10;28;13.89;8.78;2.78;;;;
2015;10;29;12.78;8.61;3.89;;;;
2015;10;30;15;6.94;1.11;;;;
2015;10;31;17.78;7.11;1.11;;;;
2015;11;1;13.89;4.44;-2.22;;;;
2015;11;2;11.11;2.67;-3.89;;;;
2015;11;3;12.22;2.83;-3.89;;;;
2015;11;4;13.89;3.83;-3.89;;;;
2015;11;5;12.78;3.89;-2.22;;;;
2015;11;6;12.78;4.44;-2.78;;;;
2015;11;7;12.78;6.44;0;;;;
2015;11;8;18.89;11.28;7.22;;;;
2015;11;9;11.11;7.83;2.78;;;;
2015;11;10;18.89;15.22;8.89;;;;
2015;11;11;20;16;12.22;;;;
2015;11;12;18.89;11.33;3.89;;;;
2015;11;13;13.89;6.44;1.11;;;;
2015;11;14;13.89;6.83;1.11;;;;
2015;11;15;11.11;6.17;-1.11;;;;
2015;11;16;16.11;11.89;2.78;;;;
2015;11;17;16.11;7.89;1.11;;;;
2015;11;18;21.11;12.56;6.11;;;;
2015;11;19;16.11;10.11;2.22;;;;
2015;11;20;13.89;10.78;7.78;;;;
2015;11;21;15;7.78;3.89;;;;
2015;11;22;5;3.83;2.78;;;;
2015;11;23;7.22;2.56;0;;;;
2015;11;24;5;-0.33;-3.89;;;;
2015;11;25;3.89;-1.22;-7.22;;;;
2015;11;26;5;0.89;-3.89;;;;
2015;11;27;5;1.28;-3.89;;;;
2015;11;28;3.89;2.39;1.11;;;;
2015;11;29;8.89;5.33;2.22;;;;
2015;11;30;13.89;7.67;5;;;;
2015;12;1;12.78;9.22;6.11;;;;
2015;12;2;10;7.33;3.89;;;;
2015;12;3;11.11;5.33;-1.11;;;;
2015;12;4;7.22;5;2.22;;;;
2015;12;5;6.11;4.72;3.89;;;;
2015;12;6;5;4;3.89;;;;
2015;12;7;5;4.44;3.89;;;;
2015;12;8;5;4.61;3.89;;;;
2015;12;9;5;3.78;2.78;;;;
2015;12;10;7.22;4.33;1.11;;;;
2015;12;11;6.11;2.11;-2.22;;;;
2015;12;12;3.89;2.17;1.11;;;;
2015;12;13;2.78;0;-1.11;;;;
2015;12;14;2.22;-0.78;-5;;;;
2015;12;15;1.11;-0.06;-1.11;;;;
2015;12;16;2.78;0.61;-2.22;;;;
2015;12;17;1.11;0.83;0;;;;
2015;12;18;3.89;2.22;1.11;;;;
2015;12;19;3.89;3.44;2.78;;;;
2015;12;20;3.89;3;2.78;;;;
2015;12;21;3.89;2.56;1.11;;;;
2015;12;22;5;3.5;1.11;;;;
2015;12;23;8.89;3.72;0;;;;
2015;12;24;3.89;3.28;1.11;;;;
2015;12;25;6.11;4.28;2.22;;;;
2015;12;26;2.78;2.33;1.11;;;;
2015;12;27;2.22;1.39;0;;;;
2015;12;28;1.11;0;-2.22;;;;
2015;12;29;7.78;2.94;0;;;;
2015;12;30;2.22;-0.61;-3.89;;;;
2015;12;31;-1.11;-4.83;-8.89;;;;
2016;1;1;-2.78;-6.44;-12.22;;;;
2016;1;2;-5;-6.39;-10;;;;
2016;1;3;-5;-8.11;-12.78;;;;
2016;1;4;-7.78;-8.83;-12.78;;;;
2016;1;5;-3.89;-6.11;-7.78;;;;
2016;1;6;0;-2.06;-5;;;;
2016;1;7;2.78;-1.28;-10;;;;
2016;1;8;-2.22;-4.28;-7.22;;;;
2016;1;9;1.11;0.11;-2.78;;;;
2016;1;10;2.78;1.22;0;;;;
2016;1;11;8.89;3.06;0;;;;
2016;1;12;8.89;5.67;2.78;;;;
2016;1;13;8.89;5.11;0;;;;
2016;1;14;7.22;2.94;-2.22;;;;
2016;1;15;3.89;2.11;0;;;;
2016;1;16;3.89;0.78;-2.78;;;;
2016;1;17;0;-2.5;-5;;;;
2016;1;18;1.11;-4.44;-8.89;;;;
2016;1;19;-1.11;-5.94;-12.22;;;;
2016;1;20;0;-3.28;-6.11;;;;
2016;1;21;1.11;-1.94;-6.11;;;;
2016;1;22;0;-6.83;-12.78;;;;
2016;1;23;-1.11;-6.56;-13.89;;;;
2016;1;24;-1.11;-2.22;-3.89;;;;
2016;1;25;0;-0.67;-2.22;;;;
2016;1;26;2.22;1.11;0;;;;
2016;1;27;2.22;1.17;-1.11;;;;
2016;1;28;7.78;1.89;-1.11;;;;
2016;1;29;7.22;2.78;-1.11;;;;
2016;1;30;7.22;2;-2.22;;;;
2016;1;31;7.78;5;1.11;;;;
2016;2;1;10;6.28;2.78;;;;
2016;2;2;12.78;7.11;2.22;;;;
2016;2;3;12.22;6.89;-17.78;;;;
2016;2;4;7.78;4.22;1.11;;;;
2016;2;5;7.78;2.22;-3.89;;;;
2016;2;6;7.78;1.28;-3.89;;;;
2016;2;7;12.22;4.5;0;;;;
2016;2;8;11.11;5.83;1.11;;;;
2016;2;9;12.78;9.78;2.78;;;;
2016;2;10;12.22;6.44;2.78;;;;
2016;2;11;8.89;4.33;-2.22;;;;
2016;2;12;10;2.78;-5;;;;
2016;2;13;5;4.5;2.22;;;;
2016;2;14;12.78;7.06;1.11;;;;
2016;2;15;8.89;7.06;2.78;;;;
2016;2;16;7.78;6.17;2.78;;;;
2016;2;17;8.89;5.89;2.22;;;;
2016;2;18;10;7.89;3.89;;;;
2016;2;19;7.78;5.39;2.78;;;;
2016;2;20;7.78;4.39;1.11;;;;
2016;2;21;11.11;6.67;3.89;;;;
2016;2;22;17.22;9.28;2.22;;;;
2016;2;23;11.11;8.33;5;;;;
2016;2;24;8.89;5.06;-2.78;;;;
2016;2;25;6.11;1.17;-5;;;;
2016;2;26;7.78;2.72;-3.89;;;;
2016;2;27;7.22;2.67;-2.78;;;;
2016;2;28;10;6.06;1.11;;;;
2016;2;29;10;8.5;6.11;;;;
2016;3;1;7.78;5;2.22;;;;
2016;3;2;10;4.94;2.22;;;;
2016;3;3;8.89;5.61;2.22;;;;
2016;3;4;12.78;7.72;2.22;;;;
2016;3;5;11.11;5.28;-1.11;;;;
2016;3;6;12.22;7.94;5;;;;
2016;3;7;7.78;7.44;7.22;;;;
2016;3;8;10;5.06;0;;;;
2016;3;9;12.22;5.06;-2.22;;;;
2016;3;10;13.89;8.94;2.22;;;;
2016;3;11;15;11.11;7.78;;;;
2016;3;12;11.11;8.44;6.11;;;;
2016;3;13;12.22;9.17;6.11;;;;
2016;3;14;11.11;5.39;1.11;;;;
2016;3;15;3.89;2.11;-1.11;;;;
2016;3;16;10;5.61;1.11;;;;
2016;3;17;12.22;5.17;-2.78;;;;
2016;3;18;13.89;5.72;-2.78;;;;
2016;3;19;12.22;6.39;0;;;;
2016;3;20;12.22;4.06;-3.89;;;;
2016;3;21;12.22;5.61;-1.11;;;;
2016;3;22;12.22;6.11;0;;;;
2016;3;23;10;5.72;-1.11;;;;
2016;3;24;12.22;6.39;-1.11;;;;
2016;3;25;11.11;4.22;-6.11;;;;
2016;3;26;12.22;7.61;2.78;;;;
2016;3;27;12.22;6.67;0;;;;
2016;3;28;12.78;7.5;-1.11;;;;
2016;3;29;16.11;9.06;2.22;;;;
2016;3;30;17.78;10.72;2.78;;;;
2016;3;31;22.22;13.67;5;;;;
2016;4;1;22.78;16.44;8.89;;;;
2016;4;2;15;9.44;3.89;;;;
2016;4;3;21.11;11.72;2.78;;;;
2016;4;4;25;15.78;5;;;;
2016;4;5;26.11;16.83;6.11;;;;
2016;4;6;23.89;15.67;7.78;;;;
2016;4;7;22.78;16.39;8.89;;;;
2016;4;8;18.89;15.56;12.22;;;;
2016;4;9;12.78;10.72;8.89;;;;
2016;4;10;12.22;9.83;7.78;;;;
2016;4;11;17.22;11.94;7.22;;;;
2016;4;12;21.11;11.61;2.22;;;;
2016;4;13;22.22;13.28;3.89;;;;
2016;4;14;16.11;13.5;8.89;;;;
2016;4;15;20;13.89;7.22;;;;
2016;4;16;25;16.28;6.11;;;;
2016;4;17;23.89;17.33;7.22;;;;
2016;4;18;20;15.56;7.78;;;;
2016;4;19;17.78;12.94;6.11;;;;
2016;4;20;16.11;11.28;5;;;;
2016;4;21;17.78;10.44;0;;;;
2016;4;22;22.22;12.72;2.22;;;;
2016;4;23;22.22;12.94;2.78;;;;
2016;4;24;12.22;8.89;6.11;;;;
2016;4;25;10;6.11;0;;;;
2016;4;26;15;7.61;-2.22;;;;
2016;4;27;12.78;7.39;3.89;;;;
2016;4;28;12.78;7.5;-1.11;;;;
2016;4;29;15;10.44;6.11;;;;
2016;4;30;18.89;11.44;2.22;;;;
2016;5;1;18.89;13.83;7.22;;;;
2016;5;2;18.89;14.72;12.22;;;;
2016;5;3;17.78;14.22;11.11;;;;
2016;5;4;21.11;15.11;11.11;;;;
2016;5;5;22.22;15.61;11.11;;;;
2016;5;6;22.78;16.11;8.89;;;;
2016;5;7;22.22;16.61;10;;;;
2016;5;8;20;14.44;7.22;;;;
2016;5;9;22.22;16.11;10;;;;
2016;5;10;15;13.39;11.11;;;;
2016;5;11;17.78;14.17;11.11;;;;
2016;5;12;20;15.39;10;;;;
2016;5;13;21.11;16.44;12.78;;;;
2016;5;14;18.89;14.89;11.11;;;;
2016;5;15;13.89;11.39;8.89;;;;
2016;5;16;16.11;10.22;3.89;;;;
2016;5;17;15;10.11;3.89;;;;
2016;5;18;18.89;12.28;7.78;;;;
2016;5;19;20;13.83;8.89;;;;
2016;5;20;22.22;17.06;11.11;;;;
2016;5;21;25;17.5;8.89;;;;
2016;5;22;26.11;18.5;7.78;;;;
2016;5;23;27.78;19.83;10;;;;
2016;5;24;18.89;15.78;12.78;;;;
2016;5;25;25;18.39;12.78;;;;
2016;5;26;25;19;12.22;;;;
2016;5;27;27.22;19.94;12.22;;;;
2016;5;28;27.22;21.28;13.89;;;;
2016;5;29;28.89;22.72;16.11;;;;
2016;5;30;27.22;21.39;15;;;;
2016;5;31;27.22;19.39;11.11;;;;
2016;6;1;23.89;18.06;11.11;;;;
2016;6;2;21.11;16.78;13.89;;;;
2016;6;3;25;19.17;13.89;;;;
2016;6;4;25;19.94;16.11;;;;
2016;6;5;25;19.78;15;;;;
2016;6;6;26.11;20.61;13.89;;;;
2016;6;7;22.78;17.94;11.11;;;;
2016;6;8;25;18.06;7.78;;;;
2016;6;9;25;18.44;11.11;;;;
2016;6;10;22.22;17.61;12.78;;;;
2016;6;11;26.11;17.61;11.11;;;;
2016;6;12;21.11;17.61;15;;;;
2016;6;13;22.78;18.28;13.89;;;;
2016;6;14;25;19.22;12.22;;;;
2016;6;15;22.78;17.11;12.22;;;;
2016;6;16;27.22;20.67;12.22;;;;
2016;6;17;28.89;23.06;15;;;;
2016;6;18;27.22;20.17;11.11;;;;
2016;6;19;27.22;21.33;12.78;;;;
2016;6;20;27.22;21.33;16.11;;;;
2016;6;21;28.89;22.28;13.89;;;;
2016;6;22;31.11;24.78;16.11;;;;
2016;6;23;33.89;26.56;17.22;;;;
2016;6;24;33.89;27.33;18.89;;;;
2016;6;25;33.89;27.67;20;;;;
2016;6;26;30;25.39;20;;;;
2016;6;27;26.11;21.94;17.78;;;;
2016;6;28;26.11;21;17.22;;;;
2016;6;29;27.78;22.33;15;;;;
2016;6;30;31.11;23.61;13.89;;;;
2016;7;1;32.78;25.11;16.11;;;;
2016;7;2;32.22;25.78;17.22;;;;
2016;7;3;25;22.11;18.89;;;;
2016;7;4;26.11;20.56;12.78;;;;
2016;7;5;27.78;21.67;11.11;;;;
2016;7;6;27.22;22;16.11;;;;
2016;7;7;25;18.72;8.89;;;;
2016;7;8;27.78;20.5;8.89;;;;
2016;7;9;28.89;22.78;17.22;;;;
2016;7;10;28.89;22.39;12.78;;;;
2016;7;11;32.78;25.11;16.11;;;;
2016;7;12;33.89;26.39;16.11;;;;
2016;7;13;30;25.22;20;;;;
2016;7;14;22.78;18.11;15;;;;
2016;7;15;22.78;18.61;13.89;;;;
2016;7;16;20;15.5;13.89;;;;
2016;7;17;17.78;15.94;13.89;;;;
2016;7;18;27.78;21.33;12.78;;;;
2016;7;19;27.22;21.28;15;;;;
2016;7;20;27.22;20.89;15;;;;
2016;7;21;27.78;21.56;12.78;;;;
2016;7;22;28.89;23.22;17.22;;;;
2016;7;23;27.78;23.44;18.89;;;;
2016;7;24;30;24.83;20;;;;
2016;7;25;27.22;23.78;20;;;;
2016;7;26;30;23.94;20;;;;
2016;7;27;30;23.39;18.89;;;;
2016;7;28;23.89;21.44;18.89;;;;
2016;7;29;28.89;22.94;17.78;;;;
2016;7;30;31.11;24.33;17.22;;;;
2016;7;31;32.22;25.33;18.89;;;;
2016;8;1;27.22;22.22;18.89;;;;
2016;8;2;26.11;21.33;16.11;;;;
2016;8;3;26.11;20.89;15;;;;
2016;8;4;30;23.06;15;;;;
2016;8;5;31.11;25.33;18.89;;;;
2016;8;6;26.11;20.94;17.78;;;;
2016;8;7;27.22;21.33;16.11;;;;
2016;8;8;26.11;20.06;12.22;;;;
2016;8;9;27.78;20.67;11.11;;;;
2016;8;10;23.89;17.83;13.89;;;;
2016;8;11;18.89;15.61;11.11;;;;
2016;8;12;22.22;15.94;8.89;;;;
2016;8;13;22.78;17.56;10;;;;
2016;8;14;27.78;19.89;11.11;;;;
2016;8;15;28.89;21.5;15;;;;
2016;8;16;27.22;20.83;13.89;;;;
2016;8;17;23.89;18.28;15;;;;
2016;8;18;23.89;18.94;12.78;;;;
2016;8;19;26.11;21;16.11;;;;
2016;8;20;28.89;22.39;15;;;;
2016;8;21;28.89;22.11;17.22;;;;
2016;8;22;18.89;16.22;15;;;;
2016;8;23;26.11;20.17;16.11;;;;
2016;8;24;27.22;21.22;15;;;;
2016;8;25;27.22;21.56;15;;;;
2016;8;26;27.78;21.89;16.11;;;;
2016;8;27;28.89;21.11;12.78;;;;
2016;8;28;28.89;21.78;12.78;;;;
2016;8;29;30;22.06;12.78;;;;
2016;8;30;27.22;22.11;17.22;;;;
2016;8;31;25;19.94;13.89;;;;
2016;9;1;26.11;18.78;10;;;;
2016;9;2;27.78;20;10;;;;
2016;9;3;27.78;20.56;12.78;;;;
2016;9;4;27.78;20.56;12.22;;;;
2016;9;5;21.11;17.67;13.89;;;;
2016;9;6;21.11;17.5;13.89;;;;
2016;9;7;27.78;21.5;16.11;;;;
2016;9;8;28.89;22.22;13.89;;;;
2016;9;9;30;22.33;15;;;;
2016;9;10;30;22.33;13.89;;;;
2016;9;11;31.11;22.72;16.11;;;;
2016;9;12;30;22.56;16.11;;;;
2016;9;13;28.89;21.33;15;;;;
2016;9;14;27.78;19.89;12.22;;;;
2016;9;15;27.22;20.61;13.89;;;;
2016;9;16;28.89;21;13.89;;;;
2016;9;17;23.89;18.89;13.89;;;;
2016;9;18;22.78;17.06;11.11;;;;
2016;9;19;23.89;17.61;12.78;;;;
2016;9;20;20;15.72;10;;;;
2016;9;21;18.89;13.72;8.89;;;;
2016;9;22;18.89;12.78;7.22;;;;
2016;9;23;21.11;12.56;3.89;;;;
2016;9;24;22.22;13.39;6.11;;;;
2016;9;25;18.89;12.94;7.22;;;;
2016;9;26;20;14.17;8.89;;;;
2016;9;27;22.22;13.72;7.22;;;;
2016;9;28;22.78;14.11;5;;;;
2016;9;29;25;16.22;8.89;;;;
2016;9;30;25;16.17;8.89;;;;
2016;10;1;22.78;15.89;10;;;;
2016;10;2;21.11;15.78;10;;;;
2016;10;3;17.78;14.94;12.78;;;;
2016;10;4;13.89;12.28;10;;;;
2016;10;5;11.11;8.56;5;;;;
2016;10;6;10;6.33;2.22;;;;
2016;10;7;11.11;4.83;0;;;;
2016;10;8;12.78;6.22;0;;;;
2016;10;9;13.89;7.67;2.22;;;;
2016;10;10;13.89;7.94;0;;;;
2016;10;11;10;8.17;7.22;;;;
2016;10;12;12.22;9.17;7.22;;;;
2016;10;13;11.11;8.83;6.11;;;;
2016;10;14;12.78;8;3.89;;;;
2016;10;15;13.89;10.61;6.11;;;;
2016;10;16;17.22;12.78;7.78;;;;
2016;10;17;10;9.39;7.78;;;;
2016;10;18;12.22;9.28;7.22;;;;
2016;10;19;12.22;9.72;7.78;;;;
2016;10;20;12.22;9.5;7.22;;;;
2016;10;21;10;9.17;7.78;;;;
2016;10;22;13.89;8.83;5;;;;
2016;10;23;10;7;1.11;;;;
2016;10;24;15;10.44;7.22;;;;
2016;10;25;17.22;13.83;10;;;;
2016;10;26;15;12.44;7.78;;;;
2016;10;27;12.22;8.33;5;;;;
2016;10;28;12.22;5.33;-1.11;;;;
2016;10;29;15;10;5;;;;
2016;10;30;12.22;8.06;3.89;;;;
2016;10;31;12.22;5.78;0;;;;
2016;11;1;12.22;7.17;2.22;;;;
2016;11;2;13.89;7.83;2.22;;;;
2016;11;3;10;6;-2.22;;;;
2016;11;4;8.89;1.22;-6.11;;;;
2016;11;5;11.11;4.22;-1.11;;;;
2016;11;6;16.11;12.28;7.78;;;;
2016;11;7;8.89;6.5;2.78;;;;
2016;11;8;7.78;5.11;2.22;;;;
2016;11;9;7.78;3.78;-2.78;;;;
2016;11;10;6.11;1.11;-5;;;;
2016;11;11;7.22;4.89;1.11;;;;
2016;11;12;7.22;5.44;2.78;;;;
2016;11;13;5;2.17;0;;;;
2016;11;14;6.11;2.06;-2.22;;;;
2016;11;15;5;-1.17;-6.11;;;;
2016;11;16;2.78;1.17;-2.78;;;;
2016;11;17;7.22;3.39;1.11;;;;
2016;11;18;15;7.28;0;;;;
2016;11;19;13.89;10.67;7.22;;;;
2016;11;20;13.89;9.39;5;;;;
2016;11;21;12.22;7.67;5;;;;
2016;11;22;11.11;6.44;3.89;;;;
2016;11;23;10;5.11;2.22;;;;
2016;11;24;8.89;4.89;2.22;;;;
2016;11;25;10;6.67;2.78;;;;
2016;11;26;10;4.33;0;;;;
2016;11;27;10;6.89;3.89;;;;
2016;11;28;3.89;1.78;-1.11;;;;
2016;11;29;3.89;0.06;-3.89;;;;
2016;11;30;5;-0.44;-6.11;;;;
2016;12;1;6.11;3.67;1.11;;;;
2016;12;2;7.78;5.61;0;;;;
2016;12;3;5;-0.06;-7.22;;;;
2016;12;4;3.89;-4.22;-10;;;;
2016;12;5;-1.11;-4.5;-8.89;;;;
2016;12;6;1.11;-3;-7.22;;;;
2016;12;7;3.89;-3.61;-8.89;;;;
2016;12;8;-1.11;-2.94;-5;;;;
2016;12;9;7.22;1.17;-2.78;;;;
2016;12;10;11.11;5;-2.22;;;;
2016;12;11;12.78;4.5;-3.89;;;;
2016;12;12;7.78;5.67;-2.22;;;;
2016;12;13;2.22;-3.39;-11.11;;;;
2016;12;14;-1.11;-3.67;-7.78;;;;
2016;12;15;0;-1.78;-2.78;;;;
2016;12;16;3.89;-2.39;-7.78;;;;
2016;12;17;-2.22;-5;-10;;;;
2016;12;18;-2.22;-2.89;-3.89;;;;
2016;12;19;-2.78;-3.72;-3.89;;;;
2016;12;20;-2.78;-3.67;-3.89;;;;
2016;12;21;-2.78;-3.44;-5;;;;
2016;12;22;-2.22;-2.61;-2.78;;;;
2016;12;23;-2.22;-2.44;-2.78;;;;
2016;12;24;0;-1.61;-2.22;;;;
2016;12;25;6.11;2.17;-1.11;;;;
2016;12;26;12.22;8.22;6.11;;;;
2016;12;27;10;5.78;2.78;;;;
2016;12;28;6.11;2.61;-2.22;;;;
2016;12;29;3.89;-1;-7.78;;;;
2016;12;30;2.22;-5;-10;;;;
2016;12;31;2.22;-6.22;-12.22;;;;
2017;1;1;-5;-6.72;-8.89;;;;
2017;1;2;-5;-5.61;-7.78;;;;
2017;1;3;2.78;-0.28;-3.89;;;;
2017;1;4;3.89;0.11;-2.22;;;;
2017;1;5;2.78;-0.72;-7.22;;;;
2017;1;6;-5;-8.33;-13.89;;;;
2017;1;7;-7.78;-13.72;-17.22;;;;
2017;1;8;-6.11;-13.83;-22.22;;;;
2017;1;9;-3.89;-8.61;-16.11;;;;
2017;1;10;-7.22;-10.44;-13.89;;;;
2017;1;11;-1.11;-8.39;-13.89;;;;
2017;1;12;2.22;-4.17;-8.89;;;;
2017;1;13;2.22;0.28;-1.11;;;;
2017;1;14;3.89;1.44;0;;;;
2017;1;15;2.78;-1.5;-7.78;;;;
2017;1;16;-2.78;-6.89;-12.22;;;;
2017;1;17;1.11;-1.61;-3.89;;;;
2017;1;18;1.11;-2.61;-7.78;;;;
2017;1;19;0;-5.94;-12.22;;;;
2017;1;20;0;-8.22;-13.89;;;;
2017;1;21;0;-7.94;-12.22;;;;
2017;1;22;-1.11;-6.56;-12.78;;;;
2017;1;23;-2.22;-7.06;-11.11;;;;
2017;1;24;0;-7.78;-12.78;;;;
2017;1;25;-1.11;-4.72;-12.22;;;;
2017;1;26;0;-3.44;-11.11;;;;
2017;1;27;-6.11;-7.33;-10;;;;
2017;1;28;-7.22;-8.67;-10;;;;
2017;1;29;-7.22;-9.56;-12.22;;;;
2017;1;30;-6.11;-7.72;-12.78;;;;
2017;1;31;0;-4.67;-8.89;;;;
2017;2;1;1.11;0.44;0;;;;
2017;2;2;5;2.83;1.11;;;;
2017;2;3;12.78;6.39;0;;;;
2017;2;4;8.89;3.56;-1.11;;;;
2017;2;5;10;4.33;2.22;;;;
2017;2;6;6.11;4.33;2.22;;;;
2017;2;7;3.89;2.33;0;;;;
2017;2;8;0;-0.56;-1.11;;;;
2017;2;9;1.11;0.06;-1.11;;;;
2017;2;10;2.22;-0.17;-2.78;;;;
2017;2;11;3.89;-1.17;-6.11;;;;
2017;2;12;2.78;-2.06;-7.22;;;;
2017;2;13;2.22;-2.33;-5;;;;
2017;2;14;-2.22;-2.78;-3.89;;;;
2017;2;15;-1.11;-2.33;-3.89;;;;
2017;2;16;-2.22;-2.5;-2.78;;;;
2017;2;17;-1.11;-2.11;-2.78;;;;
2017;2;18;5;-0.39;-3.89;;;;
2017;2;19;7.22;1.44;-2.78;;;;
2017;2;20;6.11;1.22;-2.22;;;;
2017;2;21;10;5.39;0;;;;
2017;2;22;12.22;6.94;-1.11;;;;
2017;2;23;13.89;9.56;6.11;;;;
2017;2;24;12.22;9.22;6.11;;;;
2017;2;25;8.89;3.72;-5;;;;
2017;2;26;8.89;2.56;-6.11;;;;
2017;2;27;13.89;6.39;-2.22;;;;
2017;2;28;17.22;11.5;7.22;;;;
2017;3;1;11.11;7.28;-1.11;;;;
2017;3;2;12.78;5.44;-2.78;;;;
2017;3;3;13.89;7.78;1.11;;;;
2017;3;4;17.78;10;1.11;;;;
2017;3;5;12.78;10.39;7.78;;;;
2017;3;6;12.78;7.17;0;;;;
2017;3;7;12.78;6.33;-1.11;;;;
2017;3;8;15;9.22;2.22;;;;
2017;3;9;12.22;6.72;2.78;;;;
2017;3;10;7.22;5;2.78;;;;
2017;3;11;12.22;6.17;1.11;;;;
2017;3;12;8.89;5.94;2.78;;;;
2017;3;13;12.78;6.39;0;;;;
2017;3;14;12.22;5.67;-1.11;;;;
2017;3;15;12.78;6.06;-2.78;;;;
2017;3;16;15;7.89;-1.11;;;;
2017;3;17;13.89;7.22;-2.78;;;;
2017;3;18;11.11;8.83;6.11;;;;
2017;3;19;12.22;9.06;6.11;;;;
2017;3;20;17.22;10.56;2.22;;;;
2017;3;21;20;11.5;2.78;;;;
2017;3;22;22.22;15.61;10;;;;
2017;3;23;22.22;14.78;10;;;;
2017;3;24;21.11;13.06;7.22;;;;
2017;3;25;15;10.11;6.11;;;;
2017;3;26;12.78;8.22;2.78;;;;
2017;3;27;13.89;6.56;-2.78;;;;
2017;3;28;20;9.78;-2.22;;;;
2017;3;29;22.78;13;2.22;;;;
2017;3;30;20;14.28;7.78;;;;
2017;3;31;20;12.83;5;;;;
2017;4;1;22.22;14;6.11;;;;
2017;4;2;23.89;14.83;7.22;;;;
2017;4;3;25;15.22;2.78;;;;
2017;4;4;22.22;16.11;11.11;;;;
2017;4;5;16.11;12.06;8.89;;;;
2017;4;6;12.22;10;6.11;;;;
2017;4;7;11.11;7.72;5;;;;
2017;4;8;17.78;11.78;6.11;;;;
2017;4;9;17.22;11.06;3.89;;;;
2017;4;10;20;12.44;3.89;;;;
2017;4;11;17.22;11.11;6.11;;;;
2017;4;12;15;8.83;-1.11;;;;
2017;4;13;17.22;11.17;7.22;;;;
2017;4;14;17.22;10;2.78;;;;
2017;4;15;16.11;9.78;2.22;;;;
2017;4;16;15;10.5;2.22;;;;
2017;4;17;13.89;7.22;-1.11;;;;
2017;4;18;11.11;7.67;3.89;;;;
2017;4;19;6.11;2.67;1.11;;;;
2017;4;20;5;3.22;1.11;;;;
2017;4;21;11.11;5.78;-1.11;;;;
2017;4;22;13.89;8.33;1.11;;;;
2017;4;23;12.78;8.22;3.89;;;;
2017;4;24;13.89;7.83;1.11;;;;
2017;4;25;22.22;14.17;6.11;;;;
2017;4;26;21.11;16.17;8.89;;;;
2017;4;27;20;14.5;7.78;;;;
2017;4;28;20;14.22;7.22;;;;
2017;4;29;12.22;8.94;6.11;;;;
2017;4;30;16.11;10.56;3.89;;;;
2017;5;1;17.22;11.28;2.22;;;;
2017;5;2;22.22;16.5;12.78;;;;
2017;5;3;20;15.5;11.11;;;;
2017;5;4;21.11;14.94;11.11;;;;
2017;5;5;18.89;14.44;11.11;;;;
2017;5;6;22.78;16.17;10;;;;
2017;5;7;20;15.33;12.78;;;;
2017;5;8;18.89;14.56;10;;;;
2017;5;9;13.89;10.61;7.22;;;;
2017;5;10;13.89;9.06;3.89;;;;
2017;5;11;22.78;14.33;3.89;;;;
2017;5;12;23.89;18.22;11.11;;;;
2017;5;13;22.78;17.22;12.22;;;;
2017;5;14;23.89;17.06;7.78;;;;
2017;5;15;23.89;18;8.89;;;;
2017;5;16;23.89;18.44;12.78;;;;
2017;5;17;22.78;17.39;11.11;;;;
2017;5;18;25;17.33;7.78;;;;
2017;5;19;27.22;18.72;7.78;;;;
2017;5;20;23.89;17.78;11.11;;;;
2017;5;21;25;19.33;13.89;;;;
2017;5;22;26.11;19.89;12.22;;;;
2017;5;23;25;19;15;;;;
2017;5;24;22.22;17.94;13.89;;;;
2017;5;25;20;14.94;7.78;;;;
2017;5;26;22.78;17.61;12.22;;;;
2017;5;27;23.89;18.33;10;;;;
2017;5;28;23.89;18.28;10;;;;
2017;5;29;27.22;19.06;8.89;;;;
2017;5;30;28.89;21.5;11.11;;;;
2017;5;31;28.89;21.94;13.89;;;;
2017;6;1;27.22;22.28;13.89;;;;
2017;6;2;27.78;20.17;7.78;;;;
2017;6;3;28.89;22;13.89;;;;
2017;6;4;30;22.72;13.89;;;;
2017;6;5;27.78;22.06;16.11;;;;
2017;6;6;30;22.78;17.22;;;;
2017;6;7;22.78;19.11;16.11;;;;
2017;6;8;25;19;12.78;;;;
2017;6;9;27.22;19;7.78;;;;
2017;6;10;27.22;19.11;12.22;;;;
2017;6;11;27.22;20;11.11;;;;
2017;6;12;28.89;21.89;12.22;;;;
2017;6;13;27.78;23.56;17.22;;;;
2017;6;14;26.11;20.28;12.22;;;;
2017;6;15;27.22;19.89;11.11;;;;
2017;6;16;23.89;18.72;11.11;;;;
2017;6;17;21.11;17.78;13.89;;;;
2017;6;18;27.22;19.89;12.78;;;;
2017;6;19;28.89;22.5;13.89;;;;
2017;6;20;31.11;23.67;12.22;;;;
2017;6;21;32.78;24.22;16.11;;;;
2017;6;22;33.89;25.28;15;;;;
2017;6;23;32.22;25.06;18.89;;;;
2017;6;24;32.22;25.17;17.22;;;;
2017;6;25;28.89;21.94;18.89;;;;
2017;6;26;28.89;22.56;17.78;;;;
2017;6;27;31.11;24.11;15;;;;
2017;6;28;32.78;26.72;18.89;;;;
2017;6;29;27.78;22.56;17.78;;;;
2017;6;30;28.89;22.94;13.89;;;;
2017;7;1;26.11;20.06;16.11;;;;
2017;7;2;25;20;13.89;;;;
2017;7;3;26.11;21.11;15;;;;
2017;7;4;27.22;19.94;10;;;;
2017;7;5;30;23.72;16.11;;;;
2017;7;6;30;23.5;16.11;;;;
2017;7;7;27.78;21.94;16.11;;;;
2017;7;8;32.22;23.61;15;;;;
2017;7;9;31.11;24.28;16.11;;;;
2017;7;10;35;25.83;20;;;;
2017;7;11;28.89;23.61;18.89;;;;
2017;7;12;28.89;23.39;17.78;;;;
2017;7;13;23.89;21.06;15;;;;
2017;7;14;22.78;17.28;7.78;;;;
2017;7;15;23.89;17.39;11.11;;;;
2017;7;16;25;18.72;12.78;;;;
2017;7;17;27.22;20.67;11.11;;;;
2017;7;18;30;22.17;11.11;;;;
2017;7;19;32.22;24.33;13.89;;;;
2017;7;20;33.89;26.17;16.11;;;;
2017;7;21;32.22;25.44;18.89;;;;
2017;7;22;30;23.44;17.22;;;;
2017;7;23;30;25.11;18.89;;;;
2017;7;24;31.11;23.28;18.89;;;;
2017;7;25;22.78;19.44;16.11;;;;
2017;7;26;22.78;18;12.78;;;;
2017;7;27;21.11;17.11;13.89;;;;
2017;7;28;27.78;21.11;12.78;;;;
2017;7;29;27.78;22.44;16.11;;;;
2017;7;30;31.11;23.61;13.89;;;;
2017;7;31;32.78;25.33;17.22;;;;
2017;8;1;36.11;27.94;18.89;;;;
2017;8;2;35;28.11;21.11;;;;
2017;8;3;37.22;29.56;20;;;;
2017;8;4;37.78;29.61;20;;;;
2017;8;5;35;29.72;23.89;;;;
2017;8;6;32.78;25.89;20;;;;
2017;8;7;21.11;18.94;17.22;;;;
2017;8;8;26.11;19.5;12.22;;;;
2017;8;9;32.78;25.33;17.22;;;;
2017;8;10;35;28.39;21.11;;;;
2017;8;11;33.89;28.78;23.89;;;;
2017;8;12;25;21.72;17.78;;;;
2017;8;13;22.22;18.39;15;;;;
2017;8;14;27.78;20.83;12.78;;;;
2017;8;15;28.89;21.78;12.78;;;;
2017;8;16;30;22.72;13.89;;;;
2017;8;17;31.11;23.78;15;;;;
2017;8;18;32.78;24.89;17.22;;;;
2017;8;19;31.11;23.72;16.11;;;;
2017;8;20;22.78;18.78;13.89;;;;
2017;8;21;22.78;16.94;8.89;;;;
2017;8;22;22.78;16.83;8.89;;;;
2017;8;23;22.22;16.17;8.89;;;;
2017;8;24;27.22;17.78;7.22;;;;
2017;8;25;31.11;22.39;13.89;;;;
2017;8;26;32.78;24;15;;;;
2017;8;27;32.78;24.89;16.11;;;;
2017;8;28;27.22;21.78;16.11;;;;
2017;8;29;26.11;19.61;12.22;;;;
2017;8;30;27.22;19.39;10;;;;
2017;8;31;31.11;21.67;10;;;;
2017;9;1;32.22;23.61;13.89;;;;
2017;9;2;22.22;17.72;15;;;;
2017;9;3;17.22;14.78;12.78;;;;
2017;9;4;21.11;15.56;10;;;;
2017;9;5;22.78;15.56;7.78;;;;
2017;9;6;25;20.11;15;;;;
2017;9;7;17.78;16.5;11.11;;;;
2017;9;8;22.22;14.5;7.22;;;;
2017;9;9;26.11;18.28;10;;;;
2017;9;10;27.78;20.44;12.78;;;;
2017;9;11;28.89;22.89;15;;;;
2017;9;12;22.22;16.28;13.89;;;;
2017;9;13;22.22;16.72;12.22;;;;
2017;9;14;26.11;19.17;12.22;;;;
2017;9;15;18.89;14.5;10;;;;
2017;9;16;22.78;17.06;11.11;;;;
2017;9;17;17.78;15.78;12.22;;;;
2017;9;18;20;12.72;7.22;;;;
2017;9;19;15;13.56;12.22;;;;
2017;9;20;16.11;13.67;11.11;;;;
2017;9;21;12.22;11.33;11.11;;;;
2017;9;22;18.89;13.83;10;;;;
2017;9;23;16.11;12.61;10;;;;
2017;9;24;16.11;12.22;7.78;;;;
2017;9;25;18.89;13.06;7.22;;;;
2017;9;26;22.22;17.17;12.78;;;;
2017;9;27;21.11;15.67;11.11;;;;
2017;9;28;18.89;12.83;7.78;;;;
2017;9;29;17.22;10.61;3.89;;;;
2017;9;30;17.22;11.06;5;;;;
2017;10;1;17.22;10.39;3.89;;;;
2017;10;2;17.78;9.94;2.22;;;;
2017;10;3;17.78;11.67;3.89;;;;
2017;10;4;17.78;13.17;7.22;;;;
2017;10;5;20;14.83;8.89;;;;
2017;10;6;17.22;12.61;8.89;;;;
2017;10;7;16.11;10.5;5;;;;
2017;10;8;13.89;9.67;3.89;;;;
2017;10;9;13.89;9.83;2.78;;;;
2017;10;10;16.11;11.17;5;;;;
2017;10;11;20;13.22;7.78;;;;
2017;10;12;22.22;13;5;;;;
2017;10;13;18.89;15.06;7.78;;;;
2017;10;14;18.89;11.28;3.89;;;;
2017;10;15;22.78;11.44;3.89;;;;
2017;10;16;22.22;13.67;6.11;;;;
2017;10;17;23.89;13.28;7.22;;;;
2017;10;18;22.22;13.94;7.78;;;;
2017;10;19;18.89;10.11;3.89;;;;
2017;10;20;18.89;8.83;-17.78;;;;
2017;10;21;17.22;10.06;3.89;;;;
2017;10;22;12.78;10.56;6.11;;;;
2017;10;23;11.11;9.33;8.89;;;;
2017;10;24;16.11;10.44;5;;;;
2017;10;25;15;8.17;1.11;;;;
2017;10;26;17.22;9.61;3.89;;;;
2017;10;27;12.22;10;7.78;;;;
2017;10;28;11.11;9.89;7.22;;;;
2017;10;29;12.78;9.33;5;;;;
2017;10;30;10;6.28;2.78;;;;
2017;10;31;8.89;4.94;1.11;;;;
2017;11;1;12.22;6.67;-2.22;;;;
2017;11;2;15;9.67;3.89;;;;
2017;11;3;15;9.44;0;;;;
2017;11;4;12.78;4.5;-2.22;;;;
2017;11;5;12.78;7.11;2.22;;;;
2017;11;6;13.89;8.5;2.78;;;;
2017;11;7;12.78;7.44;-1.11;;;;
2017;11;8;8.89;7.83;7.22;;;;
2017;11;9;10;8.33;7.22;;;;
2017;11;10;10;8.56;7.22;;;;
2017;11;11;11.11;7.83;3.89;;;;
2017;11;12;10;7.89;5;;;;
2017;11;13;10;6.39;3.89;;;;
2017;11;14;7.78;4.17;-2.22;;;;
2017;11;15;8.89;1.61;-5;;;;
2017;11;16;7.78;5.22;0;;;;
2017;11;17;7.22;5.89;3.89;;;;
2017;11;18;7.78;4.44;0;;;;
2017;11;19;7.78;4.56;1.11;;;;
2017;11;20;7.78;4.56;1.11;;;;
2017;11;21;6.11;4.22;2.78;;;;
2017;11;22;12.78;6.33;2.22;;;;
2017;11;23;7.22;5;0;;;;
2017;11;24;7.22;6.28;5;;;;
2017;11;25;7.78;6.56;5;;;;
2017;11;26;7.78;6.33;3.89;;;;
2017;11;27;7.22;2.33;-2.78;;;;
2017;11;28;6.11;-1.06;-6.11;;;;
2017;11;29;2.78;1.5;-1.11;;;;
2017;11;30;3.89;2.33;1.11;;;;
2017;12;1;5;0.44;-3.89;;;;
2017;12;2;3.89;-0.72;-2.78;;;;
2017;12;3;1.11;-0.28;-2.22;;;;
2017;12;4;2.22;0.72;-1.11;;;;
2017;12;5;5;2.78;-1.11;;;;
2017;12;6;6.11;5.33;3.89;;;;
2017;12;7;6.11;2;-2.78;;;;
2017;12;8;5;1.06;-3.89;;;;
2017;12;9;2.78;2.22;0;;;;
2017;12;10;2.78;1.11;-2.78;;;;
2017;12;11;12.78;7.89;2.78;;;;
2017;12;12;12.22;9.5;5;;;;
2017;12;13;6.11;2.28;-5;;;;
2017;12;14;5;1.72;-1.11;;;;
2017;12;15;8.89;5.22;2.78;;;;
2017;12;16;6.11;2.44;-2.78;;;;
2017;12;17;3.89;-0.89;-5;;;;
2017;12;18;1.11;-1.5;-5;;;;
2017;12;19;1.11;-3.11;-7.78;;;;
2017;12;20;0;-5.33;-7.78;;;;
2017;12;21;0;-3;-8.89;;;;
2017;12;22;2.78;-0.67;-6.11;;;;
2017;12;23;8.89;4.56;2.22;;;;
2017;12;24;11.11;8.61;5;;;;
2017;12;25;10;4.11;-2.78;;;;
2017;12;26;6.11;2.17;-3.89;;;;
2017;12;27;12.78;7.17;1.11;;;;
2017;12;28;7.78;6.72;2.22;;;;
2017;12;29;3.89;2.06;-2.22;;;;
2017;12;30;2.22;-1.56;-7.78;;;;
2017;12;31;6.11;2.72;0;;;;
2018;1;1;6.11;2.06;-2.22;;;;
2018;1;2;7.22;4.28;2.78;;;;
2018;1;3;6.11;2.89;-3.89;;;;
2018;1;4;10;3.67;-1.11;;;;
2018;1;5;8.89;5.67;2.78;;;;
2018;1;6;11.11;6.56;2.22;;;;
2018;1;7;12.78;7;2.22;;;;
2018;1;8;11.11;7.67;3.89;;;;
2018;1;9;7.22;5;2.22;;;;
2018;1;10;5;4.28;2.22;;;;
2018;1;11;7.22;5.17;3.89;;;;
2018;1;12;6.11;4.83;3.89;;;;
2018;1;13;5;2.11;0;;;;
2018;1;14;0;-1.28;-2.22;;;;
2018;1;15;-2.22;-2.56;-2.78;;;;
2018;1;16;-1.11;-2.56;-2.78;;;;
2018;1;17;2.78;0.5;-3.89;;;;
2018;1;18;6.11;3.44;0;;;;
2018;1;19;6.11;3.72;0;;;;
2018;1;20;6.11;-0.44;-6.11;;;;
2018;1;21;1.11;0;-3.89;;;;
2018;1;22;3.89;-1.22;-6.11;;;;
2018;1;23;2.78;-0.17;-2.22;;;;
2018;1;24;3.89;1.17;-1.11;;;;
2018;1;25;2.22;-0.5;-2.78;;;;
2018;1;26;2.22;1.28;0;;;;
2018;1;27;6.11;1.5;-3.89;;;;
2018;1;28;7.78;2.06;-3.89;;;;
2018;1;29;13.89;5.22;1.11;;;;
2018;1;30;11.11;6.56;-2.78;;;;
2018;1;31;6.11;1.94;-5;;;;
2018;2;1;12.78;8.89;3.89;;;;
2018;2;2;7.22;4.22;2.22;;;;
2018;2;3;2.78;1.39;-2.22;;;;
2018;2;4;6.11;0.56;-2.78;;;;
2018;2;5;3.89;-0.56;-6.11;;;;
2018;2;6;0;-1.33;-2.78;;;;
2018;2;7;3.89;1.22;-2.22;;;;
2018;2;8;5;3.11;1.11;;;;
2018;2;9;3.89;1.44;-1.11;;;;
2018;2;10;3.89;1.28;-2.22;;;;
2018;2;11;5;0.94;-5;;;;
2018;2;12;3.89;0.28;-6.11;;;;
2018;2;13;2.22;1.28;1.11;;;;
2018;2;14;2.22;1.06;0;;;;
2018;2;15;5;0.89;-2.78;;;;
2018;2;16;3.89;1.17;-2.78;;;;
2018;2;17;2.22;0;-5;;;;
2018;2;18;6.11;1.61;-1.11;;;;
2018;2;19;3.89;0.44;-5;;;;
2018;2;20;2.22;0.5;0;;;;
2018;2;21;2.22;1.11;0;;;;
2018;2;22;2.78;0.89;0;;;;
2018;2;23;2.78;0.72;-1.11;;;;
2018;2;24;1.11;-1.44;-3.89;;;;
2018;2;25;-2.78;-6.44;-11.11;;;;
2018;2;26;-2.22;-6.39;-11.11;;;;
2018;2;27;-6.11;-7.61;-10;;;;
2018;2;28;-5;-8.17;-12.22;;;;
2018;3;1;-6.11;-8.28;-12.78;;;;
2018;3;2;-3.89;-5.22;-7.22;;;;
2018;3;3;2.22;-2;-3.89;;;;
2018;3;4;-1.11;-3;-6.11;;;;
2018;3;5;2.78;-1.33;-7.22;;;;
2018;3;6;2.78;2.44;1.11;;;;
2018;3;7;7.22;2.83;-2.22;;;;
2018;3;8;7.78;2.22;-2.78;;;;
2018;3;9;12.22;4.61;-2.22;;;;
2018;3;10;15;7.5;1.11;;;;
2018;3;11;16.11;10.72;3.89;;;;
2018;3;12;17.78;13.22;6.11;;;;
2018;3;13;16.11;8.56;1.11;;;;
2018;3;14;13.89;7.28;0;;;;
2018;3;15;8.89;4.89;-2.22;;;;
2018;3;16;7.78;6.67;5;;;;
2018;3;17;7.22;3.56;0;;;;
2018;3;18;-1.11;-2.22;-3.89;;;;
2018;3;19;1.11;-1.56;-3.89;;;;
2018;3;20;2.22;-0.22;-2.78;;;;
2018;3;21;6.11;1.61;-1.11;;;;
2018;3;22;6.11;1.06;-2.22;;;;
2018;3;23;7.78;1.89;-2.78;;;;
2018;3;24;2.78;-0.28;-3.89;;;;
2018;3;25;7.22;2.67;-5;;;;
2018;3;26;8.89;5.89;1.11;;;;
2018;3;27;11.11;7.06;2.22;;;;
2018;3;28;11.11;5.17;-1.11;;;;
2018;3;29;10;8.06;7.22;;;;
2018;3;30;13.89;9.83;7.22;;;;
2018;3;31;17.22;11.83;8.89;;;;
2018;4;1;12.22;9.11;7.22;;;;
2018;4;2;12.78;8.72;5;;;;
2018;4;3;20;12.11;3.89;;;;
2018;4;4;20;14.78;10;;;;
2018;4;5;20;14.11;6.11;;;;
2018;4;6;16.11;12.61;10;;;;
2018;4;7;13.89;10.11;5;;;;
2018;4;8;22.22;14.39;3.89;;;;
2018;4;9;23.89;16.94;10;;;;
2018;4;10;21.11;14.94;8.89;;;;
2018;4;11;22.22;14.28;5;;;;
2018;4;12;26.11;17.39;6.11;;;;
2018;4;13;21.11;16.67;8.89;;;;
2018;4;14;22.78;14.67;5;;;;
2018;4;15;23.89;17.83;10;;;;
2018;4;16;20;18.06;15;;;;
2018;4;17;21.11;16.89;12.78;;;;
2018;4;18;22.78;17.44;12.22;;;;
2018;4;19;25;17;6.11;;;;
2018;4;20;23.89;16.67;8.89;;;;
2018;4;21;25;15.83;5;;;;
2018;4;22;27.22;17.5;5;;;;
2018;4;23;27.78;19.67;10;;;;
2018;4;24;23.89;19.39;12.22;;;;
2018;4;25;27.22;18.06;7.78;;;;
2018;4;26;22.22;15.44;10;;;;
2018;4;27;20;14.06;7.78;;;;
2018;4;28;26.11;18.39;10;;;;
2018;4;29;28.89;22.17;15;;;;
2018;4;30;27.78;20.72;16.11;;;;
2018;5;1;25;18.39;11.11;;;;
2018;5;2;28.89;21.94;15;;;;
2018;5;3;27.78;20.83;12.78;;;;
2018;5;4;28.89;21.28;11.11;;;;
2018;5;5;27.78;22;13.89;;;;
2018;5;6;25;20.28;15;;;;
2018;5;7;25;18.83;12.22;;;;
2018;5;8;23.89;17.83;11.11;;;;
2018;5;9;26.11;19.11;12.22;;;;
2018;5;10;25;19.61;13.89;;;;
2018;5;11;26.11;19.22;11.11;;;;
2018;5;12;27.22;20.39;12.78;;;;
2018;5;13;26.11;19.61;12.22;;;;
2018;5;14;22.22;17.61;12.78;;;;
2018;5;15;18.89;14.72;11.11;;;;
2018;5;16;17.78;14.5;10;;;;
2018;5;17;18.89;15.33;8.89;;;;
2018;5;18;21.11;17.11;12.78;;;;
2018;5;19;23.89;15.72;11.11;;;;
2018;5;20;23.89;18;11.11;;;;
2018;5;21;23.89;18.61;12.22;;;;
2018;5;22;25;18.94;13.89;;;;
2018;5;23;26.11;20.39;16.11;;;;
2018;5;24;27.78;21.44;13.89;;;;
2018;5;25;22.22;18;16.11;;;;
2018;5;26;26.11;19.94;13.89;;;;
2018;5;27;27.78;22.11;13.89;;;;
2018;5;28;27.78;22.94;15;;;;
2018;5;29;28.89;22.94;16.11;;;;
2018;5;30;27.78;22.28;16.11;;;;
2018;5;31;31.11;22.78;12.78;;;;
2018;6;1;31.11;23.33;13.89;;;;
2018;6;2;27.78;20.72;17.22;;;;
2018;6;3;28.89;22.28;17.22;;;;
2018;6;4;27.78;22.72;16.11;;;;
2018;6;5;27.78;23.22;16.11;;;;
2018;6;6;26.11;21.94;17.22;;;;
2018;6;7;25;20.72;17.22;;;;
2018;6;8;27.78;22.61;17.22;;;;
2018;6;9;25;20.33;17.22;;;;
2018;6;10;27.22;23.22;17.78;;;;
2018;6;11;30;23.83;17.78;;;;
2018;6;12;30;24.28;18.89;;;;
2018;6;13;23.89;20.11;17.22;;;;
2018;6;14;20;17.28;16.11;;;;
2018;6;15;22.78;19.72;16.11;;;;
2018;6;16;25;21.5;17.22;;;;
2018;6;17;27.78;23.17;18.89;;;;
2018;6;18;25;21.22;15;;;;
2018;6;19;27.78;23.44;17.78;;;;
2018;6;20;30;24.67;17.78;;;;
2018;6;21;31.11;25;17.78;;;;
2018;6;22;22.78;17.61;15;;;;
2018;6;23;20;15.11;10;;;;
2018;6;24;21.11;15.22;8.89;;;;
2018;6;25;23.89;16.33;10;;;;
2018;6;26;23.89;17.94;11.11;;;;
2018;6;27;22.22;16.17;12.22;;;;
2018;6;28;27.22;20.17;15;;;;
2018;6;29;27.78;21.89;17.78;;;;
2018;6;30;26.11;21.56;16.11;;;;
2018;7;1;21.11;16.72;10;;;;
2018;7;2;23.89;17.11;7.78;;;;
2018;7;3;27.22;19.28;10;;;;
2018;7;4;27.22;21.17;11.11;;;;
2018;7;5;30;22.83;13.89;;;;
2018;7;6;27.22;21.83;15;;;;
2018;7;7;26.11;20.72;17.78;;;;
2018;7;8;27.78;21.28;17.22;;;;
2018;7;9;27.78;21.06;13.89;;;;
2018;7;10;27.22;21.83;15;;;;
2018;7;11;21.11;19.39;17.22;;;;
2018;7;12;25;20.61;15;;;;
2018;7;13;27.78;21.33;12.22;;;;
2018;7;14;30;22.33;12.78;;;;
2018;7;15;28.89;22.67;13.89;;;;
2018;7;16;30;22.94;12.22;;;;
2018;7;17;30;23.28;15;;;;
2018;7;18;25;21.5;18.89;;;;
2018;7;19;27.78;21.72;17.78;;;;
2018;7;20;28.89;22.67;16.11;;;;
2018;7;21;30;23;16.11;;;;
2018;7;22;27.22;22.39;17.78;;;;
2018;7;23;27.22;20.06;17.22;;;;
2018;7;24;28.89;23.44;17.78;;;;
2018;7;25;30;24.5;17.78;;;;
2018;7;26;31.11;24.78;18.89;;;;
2018;7;27;30;24.67;20;;;;
2018;7;28;28.89;24.28;20;;;;
2018;7;29;32.78;26.72;20;;;;
2018;7;30;32.22;26.61;22.22;;;;
2018;7;31;31.11;25.56;20;;;;
2018;8;1;31.11;25.72;21.11;;;;
2018;8;2;30;24.44;21.11;;;;
2018;8;3;31.11;25.44;20;;;;
2018;8;4;32.22;24.78;17.78;;;;
2018;8;5;32.22;24.78;17.22;;;;
2018;8;6;31.11;24.44;17.22;;;;
2018;8;7;31.11;24.72;16.11;;;;
2018;8;8;33.89;26.28;18.89;;;;
2018;8;9;33.89;26.89;18.89;;;;
2018;8;10;32.78;26.83;20;;;;
2018;8;11;27.22;23;18.89;;;;
2018;8;12;31.11;23.22;13.89;;;;
2018;8;13;32.78;24.56;15;;;;
2018;8;14;31.11;23.5;17.78;;;;
2018;8;15;27.22;21.89;17.22;;;;
2018;8;16;27.78;22.61;16.11;;;;
2018;8;17;30;23.72;16.11;;;;
2018;8;18;32.22;24.44;16.11;;;;
2018;8;19;32.22;25.61;17.22;;;;
2018;8;20;33.89;25.5;17.22;;;;
2018;8;21;33.89;24.28;17.22;;;;
2018;8;22;31.11;25.22;17.78;;;;
2018;8;23;32.22;25.17;20;;;;
2018;8;24;31.11;24.39;18.89;;;;
2018;8;25;26.11;20.5;17.78;;;;
2018;8;26;17.78;15.83;13.89;;;;
2018;8;27;23.89;18.22;15;;;;
2018;8;28;27.22;18.67;10;;;;
2018;8;29;26.11;19.28;12.22;;;;
2018;8;30;27.78;20.22;12.22;;;;
2018;8;31;28.89;21.89;16.11;;;;
2018;9;1;28.89;23.67;18.89;;;;
2018;9;2;25;20.94;17.78;;;;
2018;9;3;25;21.33;18.89;;;;
2018;9;4;20;18.11;16.11;;;;
2018;9;5;26.11;19.94;15;;;;
2018;9;6;26.11;19.61;12.78;;;;
2018;9;7;26.11;18.67;12.22;;;;
2018;9;8;26.11;19.11;12.22;;;;
2018;9;9;25;19.33;12.78;;;;
2018;9;10;25;18.39;11.11;;;;
2018;9;11;27.22;19.39;12.22;;;;
2018;9;12;27.78;20.11;12.78;;;;
2018;9;13;28.89;20.5;12.78;;;;
2018;9;14;27.78;21.28;13.89;;;;
2018;9;15;25;20.11;15;;;;
2018;9;16;25;17.39;8.89;;;;
2018;9;17;25;18.72;11.11;;;;
2018;9;18;26.11;17.94;11.11;;;;
2018;9;19;27.22;18.5;10;;;;
2018;9;20;27.22;19.67;12.78;;;;
2018;9;21;27.78;20.33;12.78;;;;
2018;9;22;18.89;14.22;10;;;;
2018;9;23;20;14.89;10;;;;
2018;9;24;17.22;13.39;7.78;;;;
2018;9;25;15;9.67;6.11;;;;
2018;9;26;15;8.67;2.22;;;;
2018;9;27;20;10.22;1.11;;;;
2018;9;28;21.11;12.56;5;;;;
2018;9;29;17.22;11.11;5;;;;
2018;9;30;17.22;9.78;2.78;;;;
2018;10;1;15;11.56;7.22;;;;
2018;10;2;12.22;8.67;2.22;;;;
2018;10;3;17.78;10.56;2.22;;;;
2018;10;4;17.22;9.39;2.78;;;;
2018;10;5;18.89;9.39;1.11;;;;
2018;10;6;22.22;12.39;2.78;;;;
2018;10;7;22.22;15.78;12.22;;;;
2018;10;8;22.78;16.06;8.89;;;;
2018;10;9;23.89;15.22;8.89;;;;
2018;10;10;23.89;14.94;6.11;;;;
2018;10;11;23.89;14.83;7.22;;;;
2018;10;12;22.78;13.83;7.22;;;;
2018;10;13;22.78;13.83;6.11;;;;
2018;10;14;21.11;13;5;;;;
2018;10;15;21.11;13.06;5;;;;
2018;10;16;22.22;14.44;6.11;;;;
2018;10;17;22.22;15;7.22;;;;
2018;10;18;22.22;14;7.78;;;;
2018;10;19;17.22;13.22;10;;;;
2018;10;20;18.89;12.78;7.22;;;;
2018;10;21;11.11;9.61;7.22;;;;
2018;10;22;16.11;12;8.89;;;;
2018;10;23;13.89;11.33;7.22;;;;
2018;10;24;13.89;10.72;6.11;;;;
2018;10;25;12.78;8.22;2.78;;;;
2018;10;26;15;12.5;7.78;;;;
2018;10;27;20;14.11;10;;;;
2018;10;28;23.89;15.83;7.78;;;;
2018;10;29;23.89;18.5;12.78;;;;
2018;10;30;21.11;16.22;6.11;;;;
2018;10;31;20;11.89;3.89;;;;
2018;11;1;17.78;12.56;5;;;;
2018;11;2;18.89;16.33;12.22;;;;
2018;11;3;21.11;16;10;;;;
2018;11;4;21.11;12.83;6.11;;;;
2018;11;5;17.78;10.89;5;;;;
2018;11;6;16.11;9.39;2.78;;;;
2018;11;7;15;9.94;6.11;;;;
2018;11;8;17.22;9.06;2.78;;;;
2018;11;9;16.11;7.5;1.11;;;;
2018;11;10;11.11;5.5;0;;;;
2018;11;11;13.89;6.06;2.22;;;;
2018;11;12;16.11;9.78;2.22;;;;
2018;11;13;16.11;10.89;6.11;;;;
2018;11;14;13.89;9.61;3.89;;;;
2018;11;15;11.11;6.11;1.11;;;;
2018;11;16;11.11;5.89;1.11;;;;
2018;11;17;7.78;4.61;0;;;;
2018;11;18;7.78;4.22;2.22;;;;
2018;11;19;2.78;2.17;1.11;;;;
2018;11;20;5;3.11;2.78;;;;
2018;11;21;6.11;5.39;5;;;;
2018;11;22;6.11;5.11;5;;;;
2018;11;23;7.22;6.06;5;;;;
2018;11;24;6.11;4.83;3.89;;;;
2018;11;25;7.22;6.61;5;;;;
2018;11;26;8.89;7;5;;;;
2018;11;27;5;2.89;1.11;;;;
2018;11;28;3.89;1;-3.89;;;;
2018;11;29;-1.11;-3.06;-6.11;;;;
2018;11;30;-1.11;-3.22;-7.78;;;;
2018;12;1;-2.22;-3.72;-7.78;;;;
2018;12;2;1.11;-0.89;-2.22;;;;
2018;12;3;5;1.89;0;;;;
2018;12;4;10;5.22;2.78;;;;
2018;12;5;7.22;1.94;-5;;;;
2018;12;6;2.78;-0.94;-6.11;;;;
2018;12;7;5;2.39;1.11;;;;
2018;12;8;7.78;2.5;-1.11;;;;
2018;12;9;5;1.56;-1.11;;;;
2018;12;10;7.78;4.33;1.11;;;;
2018;12;11;2.78;1.78;-1.11;;;;
2018;12;12;3.89;1.06;-1.11;;;;
2018;12;13;3.89;-2.44;-6.11;;;;
2018;12;14;1.11;-2.22;-6.11;;;;
2018;12;15;0;-0.83;-2.22;;;;
2018;12;16;2.22;-3.56;-10;;;;
2018;12;17;-2.78;-7.22;-11.11;;;;
2018;12;18;-1.11;-7.56;-12.78;;;;
2018;12;19;-6.11;-8.11;-10;;;;
2018;12;20;-3.89;-5.89;-8.89;;;;
2018;12;21;0;-2.67;-3.89;;;;
2018;12;22;8.89;2.5;-2.78;;;;
2018;12;23;10;6.5;1.11;;;;
2018;12;24;7.22;4.28;1.11;;;;
2018;12;25;2.78;1.83;0;;;;
2018;12;26;6.11;3.5;1.11;;;;
2018;12;27;7.22;2.61;-3.89;;;;
2018;12;28;7.78;4.94;1.11;;;;
2018;12;29;8.89;4.33;1.11;;;;
2018;12;30;6.11;3.83;2.22;;;;
2018;12;31;7.22;4.17;1.11;;;;
2019;1;1;2.78;0.17;-6.11;;;;
2019;1;2;5;2.89;1.11;;;;
2019;1;3;2.22;-0.89;-5;;;;
2019;1;4;1.11;-2.28;-5;;;;
2019;1;5;2.22;-1.67;-7.78;;;;
2019;1;6;2.22;-3.44;-8.89;;;;
2019;1;7;-1.11;-6.78;-12.78;;;;
2019;1;8;-2.22;-4.61;-10;;;;
2019;1;9;-2.22;-2.94;-3.89;;;;
2019;1;10;0;-2.83;-5;;;;
2019;1;11;0;-3.83;-8.89;;;;
2019;1;12;2.78;0.17;-3.89;;;;
2019;1;13;5;2.33;1.11;;;;
2019;1;14;7.22;3.61;0;;;;
2019;1;15;3.89;1.44;-2.22;;;;
2019;1;16;7.22;4.94;0;;;;
2019;1;17;11.11;4.11;-2.78;;;;
2019;1;18;6.11;3.78;-2.78;;;;
2019;1;19;2.22;-1.67;-7.78;;;;
2019;1;20;0;-2.17;-7.78;;;;
2019;1;21;0;-6.06;-12.22;;;;
2019;1;22;-2.78;-4.89;-7.78;;;;
2019;1;23;-1.11;-2.94;-5;;;;
2019;1;24;2.78;-0.5;-2.78;;;;
2019;1;25;-1.11;-3.11;-5;;;;
2019;1;26;1.11;-2.22;-7.22;;;;
2019;1;27;2.22;-0.22;-2.22;;;;
2019;1;28;1.11;-0.22;-5;;;;
2019;1;29;5;-0.17;-5;;;;
2019;1;30;1.11;0.06;-2.22;;;;
2019;1;31;5;-0.06;-6.11;;;;
2019;2;1;3.89;1.89;0;;;;
2019;2;2;12.22;8.28;3.89;;;;
2019;2;3;11.11;7.78;2.78;;;;
2019;2;4;6.11;3.39;1.11;;;;
2019;2;5;5;1.89;-2.22;;;;
2019;2;6;7.22;-0.11;-6.11;;;;
2019;2;7;6.11;-1.83;-7.78;;;;
2019;2;8;3.89;0;-6.11;;;;
2019;2;9;6.11;2.11;-1.11;;;;
2019;2;10;8.89;3.06;-1.11;;;;
2019;2;11;7.78;6.67;5;;;;
2019;2;12;6.11;3.33;-1.11;;;;
2019;2;13;5;1.89;-2.78;;;;
2019;2;14;12.22;5.06;-2.78;;;;
2019;2;15;11.11;3.06;-3.89;;;;
2019;2;16;11.11;1.44;-5;;;;
2019;2;17;12.78;2.11;-5;;;;
2019;2;18;13.89;3.56;-5;;;;
2019;2;19;13.89;3.67;-3.89;;;;
2019;2;20;12.22;4.89;-2.78;;;;
2019;2;21;12.22;5.06;-5;;;;
2019;2;22;11.11;5.56;-2.78;;;;
2019;2;23;2.78;-2.56;-7.78;;;;
2019;2;24;2.78;-1.61;-8.89;;;;
2019;2;25;7.78;1.72;-5;;;;
2019;2;26;15;6.67;-2.78;;;;
2019;2;27;13.89;5.61;-2.78;;;;
2019;2;28;18.89;8.83;-5;;;;
2019;3;1;13.89;10.22;7.78;;;;
2019;3;2;10;6.06;0;;;;
2019;3;3;12.22;6.5;2.22;;;;
2019;3;4;17.78;10.28;1.11;;;;
2019;3;5;13.89;9.56;2.22;;;;
2019;3;6;12.22;7.67;2.78;;;;
2019;3;7;17.22;12.33;7.22;;;;
2019;3;8;16.11;9.89;2.78;;;;
2019;3;9;15;10.06;7.22;;;;
2019;3;10;12.78;10.94;7.22;;;;
2019;3;11;12.78;8.33;2.22;;;;
2019;3;12;8.89;4.11;-2.22;;;;
2019;3;13;8.89;2.72;-6.11;;;;
2019;3;14;10;4.89;0;;;;
2019;3;15;12.22;8.44;5;;;;
2019;3;16;12.22;8.22;3.89;;;;
2019;3;17;21.11;11.44;1.11;;;;
2019;3;18;12.78;9.11;7.22;;;;
2019;3;19;10;6.56;2.22;;;;
2019;3;20;12.22;6;-1.11;;;;
2019;3;21;13.89;5.11;-3.89;;;;
2019;3;22;17.78;7.89;-2.78;;;;
2019;3;23;20;11.22;1.11;;;;
2019;3;24;22.22;11.67;0;;;;
2019;3;25;16.11;10.83;7.22;;;;
2019;3;26;12.22;7.61;2.78;;;;
2019;3;27;12.22;7.33;-2.22;;;;
2019;3;28;13.89;6;-6.11;;;;
2019;3;29;16.11;8.67;-1.11;;;;
2019;3;30;18.89;8.44;-2.22;;;;
2019;3;31;22.22;10.5;-1.11;;;;
2019;4;1;20;12.83;3.89;;;;
2019;4;2;17.78;10.78;1.11;;;;
2019;4;3;17.78;11.39;5;;;;
2019;4;4;20;12.94;7.22;;;;
2019;4;5;20;13.39;7.22;;;;
2019;4;6;13.89;9.56;7.22;;;;
2019;4;7;17.78;11.22;3.89;;;;
2019;4;8;22.22;14.56;6.11;;;;
2019;4;9;22.78;15.83;10;;;;
2019;4;10;21.11;15.17;7.22;;;;
2019;4;11;16.11;12.44;7.78;;;;
2019;4;12;11.11;8.83;7.22;;;;
2019;4;13;12.22;9.33;7.22;;;;
2019;4;14;13.89;10.67;7.22;;;;
2019;4;15;16.11;11.28;7.22;;;;
2019;4;16;17.22;10.39;0;;;;
2019;4;17;17.22;10.89;1.11;;;;
2019;4;18;20;14;7.22;;;;
2019;4;19;22.22;15.22;6.11;;;;
2019;4;20;21.11;12.72;1.11;;;;
2019;4;21;22.22;13.5;2.22;;;;
2019;4;22;17.22;11.83;2.78;;;;
2019;4;23;12.78;10.72;7.78;;;;
2019;4;24;23.89;15.72;10;;;;
2019;4;25;26.11;19;10;;;;
2019;4;26;27.78;20.78;11.11;;;;
2019;4;27;18.89;13.89;10;;;;
2019;4;28;15;12.22;8.89;;;;
2019;4;29;13.89;11.06;7.78;;;;
2019;4;30;17.22;12.89;8.89;;;;
2019;5;1;20;15.56;10;;;;
2019;5;2;22.22;16.5;10;;;;
2019;5;3;18.89;13.61;7.78;;;;
2019;5;4;12.78;11.17;10;;;;
2019;5;5;12.22;10.33;7.22;;;;
2019;5;6;7.78;6.67;5;;;;
2019;5;7;13.89;9.61;5;;;;
2019;5;8;17.78;10.17;0;;;;
2019;5;9;12.22;10.67;8.89;;;;
2019;5;10;18.89;12.44;6.11;;;;
2019;5;11;22.22;15.44;6.11;;;;
2019;5;12;22.78;16.78;11.11;;;;
2019;5;13;22.22;16.11;12.22;;;;
2019;5;14;11.11;7.94;7.22;;;;
2019;5;15;12.22;10.06;7.78;;;;
2019;5;16;13.89;10.33;7.22;;;;
2019;5;17;17.22;10.56;3.89;;;;
2019;5;18;22.78;15.72;8.89;;;;
2019;5;19;23.89;16.11;8.89;;;;
2019;5;20;22.22;16.56;12.78;;;;
2019;5;21;21.11;16.22;11.11;;;;
2019;5;22;16.11;14.72;13.89;;;;
2019;5;23;17.22;14.22;12.22;;;;
2019;5;24;20;15.5;12.22;;;;
2019;5;25;23.89;17.11;10;;;;
2019;5;26;26.11;18.44;7.78;;;;
2019;5;27;21.11;16.94;12.22;;;;
2019;5;28;22.22;17.11;13.89;;;;
2019;5;29;22.22;16.94;15;;;;
2019;5;30;15;13.33;12.22;;;;
2019;5;31;22.22;16.83;12.22;;;;
2019;6;1;25;19.22;12.78;;;;
2019;6;2;26.11;20.67;13.89;;;;
2019;6;3;27.22;21.28;15;;;;
2019;6;4;27.22;21.17;16.11;;;;
2019;6;5;23.89;19.56;13.89;;;;
2019;6;6;23.89;19.11;15;;;;
2019;6;7;27.22;21.83;16.11;;;;
2019;6;8;27.78;24.06;17.78;;;;
2019;6;9;28.89;22.5;13.89;;;;
2019;6;10;31.11;24.78;17.22;;;;
2019;6;11;31.11;24.61;17.78;;;;
2019;6;12;31.11;25.28;17.78;;;;
2019;6;13;32.78;26.67;18.89;;;;
2019;6;14;32.78;26.5;18.89;;;;
2019;6;15;32.78;26.33;17.78;;;;
2019;6;16;32.78;24.83;17.78;;;;
2019;6;17;27.22;22.33;18.89;;;;
2019;6;18;28.89;22.5;15;;;;
2019;6;19;30;22.56;17.22;;;;
2019;6;20;27.22;22.11;17.22;;;;
2019;6;21;28.89;23.17;17.78;;;;
2019;6;22;27.78;22.5;17.22;;;;
2019;6;23;25;20.56;17.78;;;;
2019;6;24;27.78;23.44;18.89;;;;
2019;6;25;31.11;25.44;18.89;;;;
2019;6;26;32.78;27.22;20;;;;
2019;6;27;33.89;26.83;18.89;;;;
2019;6;28;26.11;22.61;17.22;;;;
2019;6;29;27.22;21.33;15;;;;
2019;6;30;30;23.33;13.89;;;;
2019;7;1;36.11;26.11;16.11;;;;
2019;7;2;31.11;26;17.78;;;;
2019;7;3;28.89;23.72;17.22;;;;
2019;7;4;27.78;21.61;15;;;;
2019;7;5;30;21.56;11.11;;;;
2019;7;6;31.11;23.56;12.22;;;;
2019;7;7;28.89;22.89;17.78;;;;
2019;7;8;25;19.89;15;;;;
2019;7;9;25;18.61;12.22;;;;
2019;7;10;22.78;18.22;12.22;;;;
2019;7;11;25;17.89;7.78;;;;
2019;7;12;20;15.94;10;;;;
2019;7;13;22.22;17.11;12.78;;;;
2019;7;14;22.78;18.22;13.89;;;;
2019;7;15;25;19.06;12.78;;;;
2019;7;16;26.11;20;11.11;;;;
2019;7;17;26.11;20.22;13.89;;;;
2019;7;18;25;19.56;12.78;;;;
2019;7;19;28.89;21.39;12.78;;;;
2019;7;20;31.11;23.94;15;;;;
2019;7;21;32.78;24.61;17.22;;;;
2019;7;22;31.11;23.78;16.11;;;;
2019;7;23;30;24.44;18.89;;;;
2019;7;24;28.89;22.89;15;;;;
2019;7;25;31.11;24.11;16.11;;;;
2019;7;26;32.22;24;16.11;;;;
2019;7;27;25;21.06;17.78;;;;
2019;7;28;27.22;21.39;17.22;;;;
2019;7;29;26.11;21.5;18.89;;;;
2019;7;30;31.11;24.06;17.78;;;;
2019;7;31;30;25.33;20;;;;
2019;8;1;28.89;23.78;17.78;;;;
2019;8;2;27.22;20.33;15;;;;
2019;8;3;25;20.06;17.22;;;;
2019;8;4;25;19.72;13.89;;;;
2019;8;5;27.78;20.67;11.11;;;;
2019;8;6;28.89;22.83;17.22;;;;
2019;8;7;31.11;24.33;17.78;;;;
2019;8;8;25;21.78;17.78;;;;
2019;8;9;30;23.33;15;;;;
2019;8;10;32.78;25.44;17.22;;;;
2019;8;11;32.22;25.67;20;;;;
2019;8;12;35;26.94;18.89;;;;
2019;8;13;27.22;23.33;18.89;;;;
2019;8;14;22.22;17.72;13.89;;;;
2019;8;15;25;17.72;10;;;;
2019;8;16;23.89;18.06;11.11;;;;
2019;8;17;26.11;19.61;12.22;;;;
2019;8;18;30;22.06;15;;;;
2019;8;19;32.78;24;15;;;;
2019;8;20;33.89;25.28;16.11;;;;
2019;8;21;28.89;23.22;17.78;;;;
2019;8;22;30;22.39;15;;;;
2019;8;23;30;24.06;18.89;;;;
2019;8;24;32.22;25.28;17.78;;;;
2019;8;25;31.11;26.17;21.11;;;;
2019;8;26;27.78;23.78;20;;;;
2019;8;27;30;24.72;18.89;;;;
2019;8;28;33.89;25.83;17.78;;;;
2019;8;29;33.89;25.44;17.78;;;;
2019;8;30;32.78;24.5;17.22;;;;
2019;8;31;32.78;25.78;18.89;;;;
2019;9;1;32.78;25;16.11;;;;
2019;9;2;32.22;23.78;17.78;;;;
2019;9;3;18.89;16.56;13.89;;;;
2019;9;4;25;17.11;10;;;;
2019;9;5;26.11;17.72;8.89;;;;
2019;9;6;27.22;19.5;10;;;;
2019;9;7;20;17.44;13.89;;;;
2019;9;8;22.22;18.11;15;;;;
2019;9;9;20;17.33;12.78;;;;
2019;9;10;22.22;14.72;7.78;;;;
2019;9;11;25;17.56;8.89;;;;
2019;9;12;26.11;19.72;13.89;;;;
2019;9;13;26.11;18.94;11.11;;;;
2019;9;14;25;19;12.78;;;;
2019;9;15;22.78;15.28;7.78;;;;
2019;9;16;27.78;18.72;10;;;;
2019;9;17;22.78;19.11;16.11;;;;
2019;9;18;17.78;14;6.11;;;;
2019;9;19;17.22;10.5;2.78;;;;
2019;9;20;17.22;10.39;2.78;;;;
2019;9;21;18.89;10.94;2.78;;;;
2019;9;22;22.22;12.5;2.22;;;;
2019;9;23;16.11;14.56;12.22;;;;
2019;9;24;21.11;16.67;13.89;;;;
2019;9;25;21.11;16.61;12.22;;;;
2019;9;26;22.22;16.39;11.11;;;;
2019;9;27;22.78;15.56;7.22;;;;
2019;9;28;22.22;15.94;12.22;;;;
2019;9;29;22.22;16.17;8.89;;;;
2019;9;30;25;18.22;11.11;;;;
2019;10;1;22.78;15.78;7.78;;;;
2019;10;2;23.89;16.44;11.11;;;;
2019;10;3;15;11.89;7.22;;;;
2019;10;4;15;9.78;5;;;;
2019;10;5;12.78;10.28;7.78;;;;
2019;10;6;13.89;10.28;6.11;;;;
2019;10;7;12.78;8.39;5;;;;
2019;10;8;15;8;-2.22;;;;
2019;10;9;21.11;13.94;3.89;;;;
2019;10;10;17.22;13.83;10;;;;
2019;10;11;18.89;11.44;5;;;;
2019;10;12;21.11;12.56;6.11;;;;
2019;10;13;22.22;14.11;6.11;;;;
2019;10;14;23.89;14.39;7.22;;;;
2019;10;15;23.89;15.72;7.22;;;;
2019;10;16;20;13.44;7.22;;;;
2019;10;17;22.22;12.17;3.89;;;;
2019;10;18;22.22;14;7.22;;;;
2019;10;19;22.78;14.44;7.22;;;;
2019;10;20;25;16.5;10;;;;
2019;10;21;21.11;14.06;12.22;;;;
